Model,Accuracy,Inference_Time_ms,Model_Size_MB,F1_Score,Topsis Score,Rank
BERT-Base,0.92,150,440,0.91,0.24477227452594216,3
RoBERTa-Base,0.94,160,500,0.93,0.1571037068042562,4
DistilBERT,0.89,90,260,0.88,0.6585577077573064,2
XLNet,0.93,180,550,0.92,0.07372756895618796,5
MobileBERT,0.88,50,100,0.87,0.9128024549728428,1
