Model,ROUGE Score,Inference Time (s),Model Size (MB),Quality,Topsis Score,Rank
T5-Small,38.73,1.82,242,79.3,0.8167917956279168,1
T5-Base,42.05,2.91,892,84.7,0.6331160854031128,2
DistilBART,40.87,2.34,1200,82.1,0.5645729841641532,3
BART-Large,44.16,3.45,1625,88.5,0.3389681648604524,4
Pegasus,47.21,4.15,2280,91.2,0.18320820437208316,5
